{
  "metadata": {
    "title": "Thailand 77 Provinces Database",
    "last_updated": "2026-02-05",
    "total_provinces": 77,
    "country": "Thailand"
  },
  "provinces": [
    {"id": 1, "iso_code": "TH-10", "name_th": "กรุงเทพมหานคร", "name_en": "Bangkok", "region": "Central"},
    {"id": 2, "iso_code": "TH-11", "name_th": "สมุทรปราการ", "name_en": "Samut Prakan", "region": "Central"},
    {"id": 3, "iso_code": "TH-12", "name_th": "นนทบุรี", "name_en": "Nonthaburi", "region": "Central"},
    {"id": 4, "iso_code": "TH-13", "name_th": "ปทุมธานี", "name_en": "Pathum Thani", "region": "Central"},
    {"id": 5, "iso_code": "TH-14", "name_th": "พระนครศรีอยุธยา", "name_en": "Phra Nakhon Si Ayutthaya", "region": "Central"},
    {"id": 6, "iso_code": "TH-15", "name_th": "อ่างทอง", "name_en": "Ang Thong", "region": "Central"},
    {"id": 7, "iso_code": "TH-16", "name_th": "ลพบุรี", "name_en": "Lop Buri", "region": "Central"},
    {"id": 8, "iso_code": "TH-17", "name_th": "สิงห์บุรี", "name_en": "Sing Buri", "region": "Central"},
    {"id": 9, "iso_code": "TH-18", "name_th": "ชัยนาท", "name_en": "Chai Nat", "region": "Central"},
    {"id": 10, "iso_code": "TH-19", "name_th": "สระบุรี", "name_en": "Saraburi", "region": "Central"},
    {"id": 11, "iso_code": "TH-20", "name_th": "ชลบุรี", "name_en": "Chon Buri", "region": "East"},
    {"id": 12, "iso_code": "TH-21", "name_th": "ระยอง", "name_en": "Rayong", "region": "East"},
    {"id": 13, "iso_code": "TH-22", "name_th": "จันทบุรี", "name_en": "Chanthaburi", "region": "East"},
    {"id": 14, "iso_code": "TH-23", "name_th": "ตราด", "name_en": "Trat", "region": "East"},
    {"id": 15, "iso_code": "TH-24", "name_th": "ฉะเชิงเทรา", "name_en": "Chachoengsao", "region": "East"},
    {"id": 16, "iso_code": "TH-25", "name_th": "ปราจีนบุรี", "name_en": "Prachin Buri", "region": "East"},
    {"id": 17, "iso_code": "TH-26", "name_th": "นครนายก", "name_en": "Nakhon Nayok", "region": "East"},
    {"id": 18, "iso_code": "TH-27", "name_th": "สระแก้ว", "name_en": "Sa Kaeo", "region": "East"},
    {"id": 19, "iso_code": "TH-30", "name_th": "นครราชสีมา", "name_en": "Nakhon Ratchasima", "region": "Northeast"},
    {"id": 20, "iso_code": "TH-31", "name_th": "บุรีรัมย์", "name_en": "Buri Ram", "region": "Northeast"},
    {"id": 21, "iso_code": "TH-32", "name_th": "สุรินทร์", "name_en": "Surin", "region": "Northeast"},
    {"id": 22, "iso_code": "TH-33", "name_th": "ศรีสะเกษ", "name_en": "Si Sa Ket", "region": "Northeast"},
    {"id": 23, "iso_code": "TH-34", "name_th": "อุบลราชธานี", "name_en": "Ubon Ratchathani", "region": "Northeast"},
    {"id": 24, "iso_code": "TH-35", "name_th": "ยโสธร", "name_en": "Yasothon", "region": "Northeast"},
    {"id": 25, "iso_code": "TH-36", "name_th": "ชัยภูมิ", "name_en": "Chaiyaphum", "region": "Northeast"},
    {"id": 26, "iso_code": "TH-37", "name_th": "อำนาจเจริญ", "name_en": "Amnat Charoen", "region": "Northeast"},
    {"id": 27, "iso_code": "TH-38", "name_th": "บึงกาฬ", "name_en": "Bueng Kan", "region": "Northeast"},
    {"id": 28, "iso_code": "TH-39", "name_th": "หนองบัวลำภู", "name_en": "Nong Bua Lam Phu", "region": "Northeast"},
    {"id": 29, "iso_code": "TH-40", "name_th": "ขอนแก่น", "name_en": "Khon Kaen", "region": "Northeast"},
    {"id": 30, "iso_code": "TH-41", "name_th": "อุดรธานี", "name_en": "Udon Thani", "region": "Northeast"},
    {"id": 31, "iso_code": "TH-42", "name_th": "เลย", "name_en": "Loei", "region": "Northeast"},
    {"id": 32, "iso_code": "TH-43", "name_th": "หนองคาย", "name_en": "Nong Khai", "region": "Northeast"},
    {"id": 33, "iso_code": "TH-44", "name_th": "มหาสารคาม", "name_en": "Maha Sarakham", "region": "Northeast"},
    {"id": 34, "iso_code": "TH-45", "name_th": "ร้อยเอ็ด", "name_en": "Roi Et", "region": "Northeast"},
    {"id": 35, "iso_code": "TH-46", "name_th": "กาฬสินธุ์", "name_en": "Kalasin", "region": "Northeast"},
    {"id": 36, "iso_code": "TH-47", "name_th": "สกลนคร", "name_en": "Sakon Nakhon", "region": "Northeast"},
    {"id": 37, "iso_code": "TH-48", "name_th": "นครพนม", "name_en": "Nakhon Phanom", "region": "Northeast"},
    {"id": 38, "iso_code": "TH-49", "name_th": "มุกดาหาร", "name_en": "Mukdahan", "region": "Northeast"},
    {"id": 39, "iso_code": "TH-50", "name_th": "เชียงใหม่", "name_en": "Chiang Mai", "region": "North"},
    {"id": 40, "iso_code": "TH-51", "name_th": "ลำพูน", "name_en": "Lamphun", "region": "North"},
    {"id": 41, "iso_code": "TH-52", "name_th": "ลำปาง", "name_en": "Lampang", "region": "North"},
    {"id": 42, "iso_code": "TH-53", "name_th": "อุตรดิตถ์", "name_en": "Uttaradit", "region": "North"},
    {"id": 43, "iso_code": "TH-54", "name_th": "แพร่", "name_en": "Phrae", "region": "North"},
    {"id": 44, "iso_code": "TH-55", "name_th": "น่าน", "name_en": "Nan", "region": "North"},
    {"id": 45, "iso_code": "TH-56", "name_th": "พะเยา", "name_en": "Phayao", "region": "North"},
    {"id": 46, "iso_code": "TH-57", "name_th": "เชียงราย", "name_en": "Chiang Rai", "region": "North"},
    {"id": 47, "iso_code": "TH-58", "name_th": "แม่ฮ่องสอน", "name_en": "Mae Hong Son", "region": "North"},
    {"id": 48, "iso_code": "TH-60", "name_th": "นครสวรรค์", "name_en": "Nakhon Sawan", "region": "North"},
    {"id": 49, "iso_code": "TH-61", "name_th": "อุทัยธานี", "name_en": "Uthai Thani", "region": "North"},
    {"id": 50, "iso_code": "TH-62", "name_th": "กำแพงเพชร", "name_en": "Kamphaeng Phet", "region": "North"},
    {"id": 51, "iso_code": "TH-63", "name_th": "ตาก", "name_en": "Tak", "region": "West"},
    {"id": 52, "iso_code": "TH-64", "name_th": "สุโขทัย", "name_en": "Sukhothai", "region": "North"},
    {"id": 53, "iso_code": "TH-65", "name_th": "พิษณุโลก", "name_en": "Phitsanulok", "region": "North"},
    {"id": 54, "iso_code": "TH-66", "name_th": "พิจิตร", "name_en": "Phichit", "region": "North"},
    {"id": 55, "iso_code": "TH-67", "name_th": "เพชรบูรณ์", "name_en": "Phetchabun", "region": "North"},
    {"id": 56, "iso_code": "TH-70", "name_th": "ราชบุรี", "name_en": "Ratchaburi", "region": "West"},
    {"id": 57, "iso_code": "TH-71", "name_th": "กาญจนบุรี", "name_en": "Kanchanaburi", "region": "West"},
    {"id": 58, "iso_code": "TH-72", "name_th": "สุพรรณบุรี", "name_en": "Suphan Buri", "region": "Central"},
    {"id": 59, "iso_code": "TH-73", "name_th": "นครปฐม", "name_en": "Nakhon Pathom", "region": "Central"},
    {"id": 60, "iso_code": "TH-74", "name_th": "สมุทรสาคร", "name_en": "Samut Sakhon", "region": "Central"},
    {"id": 61, "iso_code": "TH-75", "name_th": "สมุทรสงคราม", "name_en": "Samut Songkhram", "region": "Central"},
    {"id": 62, "iso_code": "TH-76", "name_th": "เพชรบุรี", "name_en": "Phetchaburi", "region": "West"},
    {"id": 63, "iso_code": "TH-77", "name_th": "ประจวบคีรีขันธ์", "name_en": "Prachuap Khiri Khan", "region": "West"},
    {"id": 64, "iso_code": "TH-80", "name_th": "นครศรีธรรมราช", "name_en": "Nakhon Si Thammarat", "region": "South"},
    {"id": 65, "iso_code": "TH-81", "name_th": "กระบี่", "name_en": "Krabi", "region": "South"},
    {"id": 66, "iso_code": "TH-82", "name_th": "พังงา", "name_en": "Phang-nga", "region": "South"},
    {"id": 67, "iso_code": "TH-83", "name_th": "ภูเก็ต", "name_en": "Phuket", "region": "South"},
    {"id": 68, "iso_code": "TH-84", "name_th": "สุราษฎร์ธานี", "name_en": "Surat Thani", "region": "South"},
    {"id": 69, "iso_code": "TH-85", "name_th": "ระนอง", "name_en": "Ranong", "region": "South"},
    {"id": 70, "iso_code": "TH-86", "name_th": "ชุมพร", "name_en": "Chumphon", "region": "South"},
    {"id": 71, "iso_code": "TH-90", "name_th": "สงขลา", "name_en": "Songkhla", "region": "South"},
    {"id": 72, "iso_code": "TH-91", "name_th": "สตูล", "name_en": "Satun", "region": "South"},
    {"id": 73, "iso_code": "TH-92", "name_th": "ตรัง", "name_en": "Trang", "region": "South"},
    {"id": 74, "iso_code": "TH-93", "name_th": "พัทลุง", "name_en": "Phatthalung", "region": "South"},
    {"id": 75, "iso_code": "TH-94", "name_th": "ปัตตานี", "name_en": "Pattani", "region": "South"},
    {"id": 76, "iso_code": "TH-95", "name_th": "ยะลา", "name_en": "Yala", "region": "South"},
    {"id": 77, "iso_code": "TH-96", "name_th": "นราธิวาส", "name_en": "Narathiwat", "region": "South"}
  ]
}